{
    "mAP50": 0.7742174347489482,
    "mAP50-95": 0.5065759629845387,
    "Precision": 0.7992047181384716,
    "Recall": 0.720216927820726,
    "F1-Score": 0.7576572171387479,
    "per_class": {
        "Animal": {
            "AP50": 0.9909090909090909,
            "AP": 0.642274000688696,
            "Precision": 0.9518283551219869,
            "Recall": 1.0,
            "F1-Score": 0.9753192333378948
        },
        "Forest": {
            "AP50": 0.9094402358503321,
            "AP": 0.8616089304687506,
            "Precision": 0.8213154841839113,
            "Recall": 0.890625,
            "F1-Score": 0.8545667125415762
        },
        "Militant": {
            "AP50": 0.8415602090437371,
            "AP": 0.43206251197593293,
            "Precision": 0.9040265559271614,
            "Recall": 0.6633723609443853,
            "F1-Score": 0.7652242727673569
        },
        "UAV-Drone": {
            "AP50": 0.9178490744101634,
            "AP": 0.5242889147464924,
            "Precision": 0.9400686396483802,
            "Recall": 0.8571428571428571,
            "F1-Score": 0.8966920952722592
        },
        "Wildfire": {
            "AP50": 0.2113285635314178,
            "AP": 0.0726454570428216,
            "Precision": 0.37878455581091763,
            "Recall": 0.1899444210163878,
            "F1-Score": 0.2530129097285173
        }
    }
}