{
    "model": "YOLOv8n",
    "training_epochs": 100,
    "mAP50": 0.8004274482540884,
    "mAP50-95": 0.5182965795016204,
    "Precision": 0.8082474762292253,
    "Recall": 0.7572639707041416,
    "F1-Score": 0.7819250423206574,
    "per_class": {
        "Animal": {
            "AP50": 0.954090909090909,
            "AP": 0.6696017088052807,
            "Precision": 0.8963467386876237,
            "Recall": 0.9523809523809523,
            "F1-Score": 0.9235141584365819
        },
        "Forest": {
            "AP50": 0.9205144761020654,
            "AP": 0.8543076868850324,
            "Precision": 0.8369003476099969,
            "Recall": 0.8819857723169683,
            "F1-Score": 0.8588512775295045
        },
        "Militant": {
            "AP50": 0.8682316433522375,
            "AP": 0.41941766939720865,
            "Precision": 0.8800248678494634,
            "Recall": 0.7232295729997266,
            "F1-Score": 0.7939595814710562
        },
        "UAV-Drone": {
            "AP50": 0.9489483599663583,
            "AP": 0.5193185964904574,
            "Precision": 0.9243552820726215,
            "Recall": 0.8731680002675054,
            "F1-Score": 0.8980323226936352
        },
        "Wildfire": {
            "AP50": 0.31035185275887206,
            "AP": 0.12883723593012247,
            "Precision": 0.5036101449264208,
            "Recall": 0.35555555555555557,
            "F1-Score": 0.41682570975406125
        }
    }
}