{
    "model": "YOLOv8n",
    "classes": 4,
    "class_names": [
        "Animal",
        "Forest",
        "Militant",
        "UAV-Drone"
    ],
    "mAP50": 0.9296058533018217,
    "mAP50-95": 0.6024061324507926,
    "Precision": 0.8747577576239823,
    "Recall": 0.9097392428567589,
    "F1-Score": 0.8919051294980775,
    "per_class": {
        "Animal": {
            "AP50": 0.9840545454545453,
            "AP": 0.5736225344271816,
            "Precision": 0.9346633697730977,
            "Recall": 0.9047619047619048
        },
        "Forest": {
            "AP50": 0.8895607301349387,
            "AP": 0.8372817727253228,
            "Precision": 0.7466974705301485,
            "Recall": 0.9375
        },
        "Militant": {
            "AP50": 0.8858864569455334,
            "AP": 0.43874989757294297,
            "Precision": 0.8538534044312572,
            "Recall": 0.8450704225352113
        },
        "UAV-Drone": {
            "AP50": 0.9589216806722688,
            "AP": 0.559970325077723,
            "Precision": 0.9638167857614256,
            "Recall": 0.9516246441299194
        }
    }
}